,Name,Information retrieval pscore,Information retrieval score,Information retrieval combined,ndcg pos,pscore&ndcg,score&ndcg,combined&ndcg,pure authors,pure authors score,pure authors combined
0,Stanford University,209640.362726,3944.96018582,99375067.1545,1.72679821035,362006.603172,6812.15018877,171600688.116,292771.0,0.351786099243,5485.24890468
1,University of California-Berkeley,200264.854071,3136.82117604,71524762.4625,0.752980929619,150795.615988,2361.96652518,53856782.1298,269179.0,0.182768101131,3384.19637795
2,Massachusetts Institute of Technology,167131.358938,753.873474081,10436279.9181,1.13137158748,189087.67088,852.911029133,11807310.5783,228350.0,0.148252246679,985.555736465
3,Carnegie Mellon University,600163.757923,83738.8250194,5360254559.32,2.90778265428,1745145.76501,243494.302881,15586455230.1,781466.0,1.89000755512,103804.62014
4,University of Illinois at Urbana-Champaign,404227.688565,72893.9322622,8761671001.65,2.07604692995,839195.651845,151331.224285,18189640184.2,514151.0,1.45332556493,84990.9624945
5,Princeton University,38668.4113095,221.454856255,1600853.76424,0.454754556471,17584.6362345,100.707604935,727995.543531,56282.0,0.0697273740752,342.426725448
6,Cornell University,200665.52199,8797.523459,172436267.831,1.59009552806,319077.349151,13988.9027101,274190138.352,272208.0,0.648288502236,10353.4771313
7,University of California-Santa Barbara,112133.123483,293.525086937,4809820.00816,0.571834953658,64121.6394703,167.847904486,2750423.20147,175281.0,0.0564480058034,447.88178022
8,University of North Carolina at Chapel Hill,19956.6833333,2676.42171717,21354785.5328,0.429082527826,8563.0641317,1148.40579593,9162965.35761,25672.0,0.479797979798,3528.36868687
9,University of California-Los Angeles,148776.238492,2304.80944532,35665749.8882,0.528178469402,78580.4059301,1217.35072509,18837881.186,186663.0,0.184903336158,2691.72743543
10,University of Texas at Austin,114857.465476,282.268049251,2020566.32633,0.341928050883,39272.9892996,96.5153639069,690888.30564,144138.0,0.0481220820204,304.931074372
11,Georgia Institute of Technology,260538.930561,5397.14382093,245363302.859,1.57661017975,410768.330144,8509.19188965,386842281.025,354931.0,0.307266971543,6750.06805659
12,Michigan State University,96164.5083333,4171.78439131,158559432.885,0.572503611198,55054.5282899,2388.36162916,90775847.9161,138147.0,0.307504796099,6801.86634877
13,University of Maryland College Park,35514.7190476,530.092518919,4216989.3216,0.372089631483,13214.6587226,197.241930016,1569098.00264,42510.0,0.0865186226186,602.810842556
14,University of California-San Diego,87039.1609649,1447.70481203,13907763.2976,0.60678178535,52813.7774856,878.440910503,8438977.44394,114461.0,0.279098531042,1565.31639297
15,University of Michigan-Ann Arbor,24796.3820513,1328.13637196,13597668.9956,0.390591290417,9685.25086308,518.758499373,5311131.07964,32041.0,0.21809390279,1642.01276244
16,University of Southern California,272524.900977,2564.55219109,36960113.827,1.34227729005,365803.985555,3442.34016526,49610721.4277,344216.0,0.282106246181,3098.69282473
17,University of Pennsylvania,104053.748026,793.246771892,8008546.02507,0.496659174057,51679.2485523,393.973286552,3977517.85421,147531.0,0.13211487471,1119.8762416
18,University of Massachusetts Amherst,485058.492568,178995.252344,35694949612.8,3.42493555924,1661294.07951,613047.204687,1.22252902214e+11,602800.0,1.66421798479,207390.280582
19,University of Wisconsin-Madison,75535.3326539,339.936914203,2561771.60238,0.2500828027,18890.087693,85.0123762453,640655.022201,104592.0,0.0663302090844,449.715212689
20,Harvard University,41588.6833333,261.164093514,793497.736481,0.345291414716,14360.2153044,90.1777193227,273987.956004,56038.0,0.109864253394,303.106184012
21,University of Rochester,72044.3241758,311.399078127,5612134.91335,0.357269848013,25739.2647485,111.253501314,2005046.58752,98470.0,0.0345617428484,450.7813465
22,University of Washington,158509.799655,428.158052603,4579628.69423,0.896767414732,142146.423247,383.958189929,4106861.78456,218796.0,0.0880002994157,586.532193067
23,Purdue University Main Campus,187276.654611,33144.3985571,2875489944.37,1.38634698806,259630.426054,45949.6371107,3986426823.57,255999.0,0.676651071209,43177.0733024
24,Duke University,60702.8380737,322.107355994,1147529.73767,0.459247044835,27877.5989984,147.92685136,526999.640886,84094.0,0.147108081332,394.08755956
25,New York University,100258.46131,3165.01542957,89880070.7411,0.496146628176,49742.8975248,1570.31173351,44593694.0384,118513.0,0.170438460973,3269.10680277
26,Tufts University,20426.8833333,108.569132277,603475.714459,0.224709912987,4590.12317644,24.3965602671,135606.975286,26658.0,0.0278187177598,141.388540899
27,State University of New York at Stony Brook,17374.3166667,22.6052631579,9742.86842105,0.106567723026,1851.5413663,2.40899142314,1038.27530338,22108.0,0.0526315789474,22.6842105263
28,Louisiana State University and Agricultural and Mechanical College,42688.7666667,2940.78824976,76296210.8823,0.311470241547,13296.280465,915.968026491,23763999.2326,53890.0,0.216837162502,3821.54452457
29,University of California-Riverside,82365.1988304,568.060301284,8968647.01481,0.690910035295,56906.942431,392.47856281,6196528.22555,111309.0,0.0721018109738,772.452003151
30,Penn State University,250.5,0.0,0.0,0.0,0.0,0.0,0.0,280.0,0.0,0.0
31,University of Minnesota-Twin Cities,8558.73333333,300.078231293,3839500.96939,0.13743580295,1176.2763879,41.2414926654,527684.898654,14771.0,0.0408163265306,522.244897959
32,Brown University,68114.4996241,1751.15186641,15394921.8529,0.751160998143,51164.9555256,1315.39698387,11564064.8654,92513.0,0.342863791034,2124.95712561
33,Rice University,28453.452451,115.232547198,421329.88226,0.440263098475,12527.0051384,50.7326382747,185495.999444,41852.0,0.06069000444,203.784236597
34,University of California-Irvine,144285.41382,353.479437293,3837228.72853,0.882685364851,127358.62314,312.011126074,3387065.64026,186694.0,0.081396800622,451.379402471
35,Ohio State University Main Campus,11103.6,14.0707434053,31419.970024,0.105992517762,1176.89852023,1.49139352031,3330.28173086,14091.0,0.00719424460432,16.0647482014
36,Yale University,54106.4415655,2646.56230008,73645889.1242,0.167948778957,9087.11079463,444.486906732,12368737.1536,66992.0,0.108910891089,3030.66336634
37,Arizona State University,163624.234457,1528.22817686,30743148.9526,1.00434068591,164334.475867,1534.86173538,30876595.3062,208866.0,0.181317741085,2103.99273132
38,University of Nebraska - Lincoln,2339.58333333,0.0,0.0,0.0,0.0,0.0,0.0,3183.0,0.0,0.0
39,Columbia University In The City of New York,10163.8333333,514.020408163,4506416.91837,0.137970474752,1402.3089103,70.9196397467,621752.481659,11168.0,0.0612244897959,536.755102041
40,University of Connecticut,28116.65,29.3320363165,258004.59144,0.107939575337,3034.89926089,3.16608754376,27848.9060349,35433.0,0.00389105058366,34.2256809339
41,University of California-Davis,60605.3516213,198.596445497,3323644.65037,0.2333487986,14142.1859896,46.3422419629,775568.486138,75376.0,0.0151674608511,243.034257121
42,State University of New York at Buffalo,2887.08333333,0.0,0.0,0.0,0.0,0.0,0.0,4251.0,0.0,0.0
43,Texas A & M University,4246.2,0.0,0.0,0.0,0.0,0.0,0.0,4985.0,0.0,0.0
44,University of Oklahoma Norman Campus,18620.2421569,0.0,0.0,0.0,0.0,0.0,0.0,21035.0,0.0,0.0
45,University of Pittsburgh Pittsburgh Campus,6169.0,0.0,0.0,0.0,0.0,0.0,0.0,7135.0,0.0,0.0
46,University of Utah,34316.1666667,1248.05491699,8865333.50702,0.275442064395,9452.11578879,343.766822813,2441885.76273,45274.0,0.182630906769,1299.21328225
47,University of California-Santa Cruz,71754.1416667,1016.44249282,8735442.04279,0.94199357284,67591.9402746,957.482295401,8228730.26022,93691.0,0.209106553919,1251.36911309
48,Indiana University at Bloomington,29220.4277778,958.666309159,12047491.8265,0.386301932107,11287.9077076,370.334647474,4653969.36964,37258.0,0.185597548519,1274.52635342
49,University of Virginia,42628.7583333,3012.31287985,33058245.0611,0.437735927924,18660.1390853,1318.59757366,14470781.5774,58798.0,0.433029453015,4411.18443198
50,University of South Florida,25826.2357143,0.0,0.0,0.0,0.0,0.0,0.0,33347.0,0.0,0.0
51,University of Arizona,41725.4781955,681.672257003,5270546.60315,0.375970464575,15687.5474218,256.288635153,1981569.85495,53126.0,0.131974809941,970.046206453
52,Virginia Polytechnic Institute and State University,19835.1,2057.6389787,16102159.8726,0.491885073791,9756.58962716,1012.12190087,7920412.09712,22361.0,0.336862006801,2091.82381592
53,University of Chicago,32243.1547541,1499.84874676,30241450.2809,0.161555467443,5209.05793813,242.308765376,4885671.63628,49089.0,0.112359550562,2265.50561798
54,Washington University In St. Louis,2579.82575758,0.0,0.0,0.0,0.0,0.0,0.0,3008.0,0.0,0.0
55,Georgia State University,14737.2583333,0.0,0.0,0.0,0.0,0.0,0.0,19157.0,0.0,0.0
56,North Carolina State University,59462.6229798,152.265256734,690543.791035,0.227217752215,13510.9635343,34.5973693756,156903.808005,75510.0,0.0367063492063,159.196428571
57,University of Tennessee,49777.3464286,1289.63401255,27155226.5717,0.369864117857,18410.8543261,476.98934641,10043743.9211,56392.0,0.134750830565,1435.89160576
58,Johns Hopkins University,37027.8772894,240.294610462,1378063.26828,0.346088699288,12814.9298885,83.1632491807,476932.124056,48398.0,0.0543300653595,300.608660131
59,Vanderbilt University,25019.2320513,0.0,0.0,0.0,0.0,0.0,0.0,34182.0,0.0,0.0
60,Florida Institute of Technology,11433.75,15.5147058824,8610.66176471,0.106039449806,1212.42855922,1.64517087567,913.069835995,13399.0,0.0294117647059,16.3235294118
61,University of Colorado at Boulder,18279.7333333,330.481184797,1043756.72266,0.559937498999,10235.508165,185.048808081,584438.528847,21444.0,0.145408865579,387.072777032
62,Lehigh University,66614.1666667,15142.1951852,734843532.134,0.462961571732,30839.7992996,7010.25448243,340204316.614,69553.0,0.364157581549,15499.0631977
63,University of Central Florida,62304.5138889,303.95112782,1622660.93484,0.353288866656,22011.4910993,107.382549466,573268.042635,75253.0,0.0796414112204,398.798496241
64,University of Kentucky,38546.9833333,70.4668820679,1150512.78352,0.113253839334,4365.59385723,7.98064494005,130299.989936,46155.0,0.0048465266559,79.1292407108
65,Florida State University,24132.9,531.898550725,3863711.07246,0.139865086595,3375.35014828,74.3940368567,540398.283727,30447.0,0.0869565217391,631.652173913
66,Oklahoma State University Main Campus,5256.91666667,0.0,0.0,0.0,0.0,0.0,0.0,6109.0,0.0,0.0
67,Washington State University,30997.1871795,0.0,0.0,0.0,0.0,0.0,0.0,44879.0,0.0,0.0
68,Iowa State University,30510.702381,137.096703297,305573.489377,0.329809471982,10062.7186421,45.2157913248,100781.031183,38698.0,0.0747252747253,149.458241758
69,Northwestern University,134047.908333,2569.95435202,36101615.5284,0.74967293821,100492.089301,1926.62523014,27064404.1873,163013.0,0.263868764111,3260.88318824
70,Dartmouth College,23639.6333333,85.8380952381,283952.419048,0.115214274189,2723.62319659,9.8897738406,32715.3718647,27556.0,0.0285714285714,94.5142857143
71,Boston University,24577.5690476,158.915522098,717267.951302,0.335527152187,8246.44175024,53.3204725678,240662.873056,34938.0,0.0718720821662,200.492600373
72,University of Georgia,21175.4416667,0.0,0.0,0.0,0.0,0.0,0.0,27774.0,0.0,0.0
73,Rutgers The State University of New Jersey New Brunswick Campus,1251.75,0.0,0.0,0.0,0.0,0.0,0.0,1909.0,0.0,0.0
74,University of Maryland Baltimore County,27049.0320513,3023.98214286,47134809.6607,0.173765342871,4700.18432873,525.463293891,8190396.36187,31308.0,0.214285714286,3340.07142857
75,California Institute of Technology,29273.0109649,1666.56418219,12350425.5642,0.290684425255,8509.20836781,484.444251451,3590076.35678,37087.0,0.360248447205,2267.36024845
76,University of Delaware,81859.9111111,35112.7674068,2274379731.52,0.678988949738,55581.9750709,23841.1810639,1544278705.21,100068.0,0.692349815879,41706.9808243
77,University of Texas at Dallas,112454.453297,3246.56113964,60062217.0857,0.540140235543,60741.1748915,1753.59829867,32442020.0839,149258.0,0.23430269494,4278.76887012
78,University of Cincinnati Main Campus,11803.1666667,0.0,0.0,0.0,0.0,0.0,0.0,13855.0,0.0,0.0
79,Kent State University Main Campus,14079.2083333,0.0,0.0,0.0,0.0,0.0,0.0,16988.0,0.0,0.0
80,Oregon State University,54078.5668998,112.711046361,274743.831365,0.225491939652,12194.2809438,25.4154324641,61952.5194418,75001.0,0.0606837606838,147.627350427
81,University of Iowa,41340.3694444,9118.59407096,277883728.161,0.318129334807,13151.584232,2900.89226617,88402965.5936,47237.0,0.368347338936,9583.56582633
82,Rensselaer Polytechnic Institute,77404.1535104,354.61277421,3906581.89873,0.362315062448,28044.6907129,128.481549433,1415413.4646,107427.0,0.0449386126458,468.419238797
83,University of Florida,58495.0833333,708.012573326,6434004.13182,0.483151539173,28261.9895465,342.077364556,3108598.99933,73193.0,0.296454451346,773.729296066
84,Northeastern University,124917.796162,25074.640955,1595626009.2,1.23697397936,154520.063412,31016.6784031,1973747854.18,167711.0,0.775948749708,32098.7728742
85,Illinois Institute of Technology,33640.1972222,2692.22271485,45299871.0758,0.420915442815,14159.6785102,1133.19811618,19067415.2933,45492.0,0.283371472159,3877.41266209
86,Auburn University,7550.33333333,0.0,0.0,0.0,0.0,0.0,0.0,10205.0,0.0,0.0
87,Wayne State University,32847.2083333,72.7796610169,345485.050847,0.1135414672,3729.52022758,8.26350949417,39226.8795688,39417.0,0.0169491525424,80.4576271186
88,University of Oregon,29197.1428571,0.0,0.0,0.0,0.0,0.0,0.0,34126.0,0.0,0.0
89,Wright State University Main Campus,40035.8583333,423.277160494,3341274.65062,0.248987637231,9968.43377093,105.390780085,831936.080597,51455.0,0.0851851851852,612.214814815
90,University of Illinois at Chicago,204594.780519,9778.21329761,747186140.386,0.51050034216,104445.705459,4991.78123415,381438780.324,268577.0,0.184288797443,13334.0391668
91,Brandeis University,19978.4642857,52.6529411765,261369.2,0.110972675714,2217.06363844,5.84303776656,29004.8394732,24311.0,0.0117647058824,58.4
92,North Dakota State University Main Campus,20717.3333333,181.282352941,1587127.0,0.124394834844,2577.12925842,22.5505883543,197430.401042,24366.0,0.0235294117647,206.0
93,City University of New York Grad. Center,1131.5,0.0,0.0,0.0,0.0,0.0,0.0,1595.0,0.0,0.0
94,State University of New York at Binghamton,4835.75,22.6758530184,83628.5459318,0.107196360447,518.37480003,2.43076891359,8964.67575333,6100.0,0.00787401574803,29.0393700787
95,University of North Carolina at Charlotte,41896.7844322,616.201008615,8220657.5172,0.477344016417,19999.1793558,294.139864372,3924081.67685,53063.0,0.089156670854,777.530528911
96,Case Western Reserve University,42843.4297619,104.536275831,623222.61478,0.221221351025,9477.88141446,23.1256561705,137870.148831,53886.0,0.0251572327044,111.599281222
97,University of New Mexico Main Campus,5492.91666667,0.0,0.0,0.0,0.0,0.0,0.0,6947.0,0.0,0.0
98,Syracuse University Main Campus,28211.6833333,0.0,0.0,0.0,0.0,0.0,0.0,33460.0,0.0,0.0
99,New Mexico State University Main Campus,416.5,0.0,0.0,0.0,0.0,0.0,0.0,474.0,0.0,0.0
100,New Jersey Institute of Technology,173.5,0.0,0.0,0.0,0.0,0.0,0.0,184.0,0.0,0.0
101,University of South Carolina Columbia,34512.1555556,2513.52275922,35040442.3113,0.4049999984,13977.4229448,1017.97671346,14191379.08,43713.0,0.219640606844,2855.54783726
102,College of William and Mary,11029.4285714,0.0,0.0,0.0,0.0,0.0,0.0,13219.0,0.0,0.0
103,Florida International University,97293.15,2580.8427455,210262024.838,0.515167728423,50122.2910766,1329.56689462,108320209.71,131692.0,0.0736255614232,3484.18477062
104,George Washington University,23884.7666667,66.2139550265,387557.13955,0.222922803331,5324.45914225,14.7606004741,86395.3239996,31942.0,0.0615079365079,128.615079365
105,Old Dominion University,48598.7,1577.24097222,33481731.2813,0.28662334196,13929.5218089,452.074078535,9596645.71444,58908.0,0.0855392156863,1813.87132353
106,Texas Tech University,10413.0083333,0.0,0.0,0.0,0.0,0.0,0.0,12756.0,0.0,0.0
107,University of Kansas,59528.2638889,1851.28722129,26244768.8875,0.284495898572,16935.5469255,526.683621537,7466529.10747,69843.0,0.137123745819,1938.88628763
108,University of Arkansas Main Campus,17694.7666667,1365.71338798,20834220.8724,0.259621466115,4593.94126456,354.56851208,5409010.96826,20125.0,0.131693989071,1511.76120219
109,University of Alabama,9257.95,33.5384615385,15494.7692308,0.108076965205,1000.57114002,3.62473514073,1674.62763502,13883.0,0.0769230769231,35.5384615385
110,Mississippi State University,10511.9666667,0.0,0.0,0.0,0.0,0.0,0.0,12441.0,0.0,0.0
111,University of Houston,42854.4166667,50.9019607843,134381.176471,0.110235809843,4724.09132661,5.61121886967,14813.6178159,47997.0,0.0196078431373,51.7647058824
112,University of North Texas,18937.8666667,0.0,0.0,0.0,0.0,0.0,0.0,23545.0,0.0,0.0
113,Clemson University,11977.7277778,0.0,0.0,0.0,0.0,0.0,0.0,16580.0,0.0,0.0
114,State University of New York at Albany,30274.722619,3299.95365854,64276497.361,0.172969690445,5236.60939973,570.7919628,11117885.8514,33271.0,0.170731707317,3325.51219512
115,Brigham Young University,27917.9583333,268.696428571,2956466.80357,0.133194905818,3718.52983083,35.7889954971,393786.317455,38081.0,0.0357142857143,392.964285714
116,Kansas State University,8405.5,0.0,0.0,0.0,0.0,0.0,0.0,11149.0,0.0,0.0
117,University of Alabama In Huntsville,3745.65,0.0,0.0,0.0,0.0,0.0,0.0,4857.0,0.0,0.0
118,University of Memphis,9176.35,88.5653183024,378925.395447,0.226819053835,2081.37102466,20.0883016999,85947.4996691,14824.0,0.0473032714412,173.957559682
119,Temple University,28167.2333333,0.0,0.0,0.0,0.0,0.0,0.0,34187.0,0.0,0.0
120,University of Louisiana at Lafayette,42388.2,4304.16752626,145343278.751,0.326333142889,13832.6745274,1404.59251636,47430328.9525,52469.0,0.247478423625,5432.22345846
121,University of Alabama at Birmingham,13517.3333333,0.0,0.0,0.0,0.0,0.0,0.0,15933.0,0.0,0.0
122,Oregon Health and Science University,16873.8333333,269.746309915,2074922.78225,0.242267853238,4087.98737756,65.350859422,502687.08809,20285.0,0.0500704115162,331.661398842
123,Western Michigan University,2530.0,0.0,0.0,0.0,0.0,0.0,0.0,3261.0,0.0,0.0
124,Southern Methodist University,7780.0,0.0,0.0,0.0,0.0,0.0,0.0,8983.0,0.0,0.0
125,University of Southern Mississippi,7000.41666667,0.0,0.0,0.0,0.0,0.0,0.0,8727.0,0.0,0.0
126,Universidade de Brasília,3516.66666667,25.0364396655,12879.1397849,0.213083840349,749.34483856,5.33486071258,2744.33656576,4279.0,0.0784050179211,40.6532258065
127,Universidade Federal de Uberlândia,4453.25,0.0,0.0,0.0,0.0,0.0,0.0,7213.0,0.0,0.0
128,USP - São Carlos,35353.3940476,28.780801674,52639.7323348,0.317844777545,11236.8916665,9.14782750564,16731.264014,56010.0,0.0395415907711,46.9371584699
129,Universidade de São Paulo,8492.96666667,0.0,0.0,0.0,0.0,0.0,0.0,10744.0,0.0,0.0
130,Universidade do Vale do Rio dos Sinos,1904.5,0.0,0.0,0.0,0.0,0.0,0.0,2581.0,0.0,0.0
131,Universidade de Fortaleza,4808.6875,0.0,0.0,0.0,0.0,0.0,0.0,5637.0,0.0,0.0
132,Universidade Federal de Campina Grande,6062.41666667,0.0,0.0,0.0,0.0,0.0,0.0,8237.0,0.0,0.0
133,Universidade Federal da Bahia,1134.86369048,0.0,0.0,0.0,0.0,0.0,0.0,1472.0,0.0,0.0
134,Universidade Federal do Amazonas,30488.9166667,6186.89354991,162497217.282,0.684942528305,20883.1556669,4237.66651043,111301254.848,82649.0,0.75240148249,17106.5622041
135,Universidade Federal de Minas Gerais,101992.616667,11961.0655864,438061463.469,1.50174620153,153167.024663,17962.4848107,657857138.801,222669.0,0.923497396744,28096.4720731
136,Universidade Federal do Espírito Santo,4927.5,0.0,0.0,0.0,0.0,0.0,0.0,8318.0,0.0,0.0
137,Universidade Federal de Pernambuco,22284.1291667,0.0,0.0,0.0,0.0,0.0,0.0,30909.0,0.0,0.0
138,Universidade Federal de Mato Grosso do Sul,827.333333333,11.196969697,3930.13636364,0.107536039416,88.9681499432,1.20407777467,422.631298909,1603.0,0.0909090909091,31.9090909091
139,Universidade Federal de São Carlos,9122.86369048,25.7708333333,59762.5625,0.10824379622,987.493398253,2.78953283175,6468.92663683,13008.0,0.015625,36.234375
140,Universidade Federal de Santa Catarina,4289.58333333,0.0,0.0,0.0,0.0,0.0,0.0,5254.0,0.0,0.0
141,Universidade Federal do Rio Grande de Norte,4000.96666667,0.0,0.0,0.0,0.0,0.0,0.0,6326.0,0.0,0.0
142,Universidade Federal do Rio de Janeiro,14470.4595238,29.8933333333,23944.56,0.107562548457,1556.47950372,3.2154031152,2575.53789527,18823.0,0.04,32.04
143,Pontifícia Universidade Católica do Rio Grande do Sul,8409.75,52.0735294118,93732.3529412,0.110532364729,929.549554278,5.75581034565,10360.4586222,9785.0,0.0294117647059,52.9411764706
144,Pontifícia Universidade Católica do Rio de Janeiro,25416.1458333,332.524957199,1048891.14257,0.570353388963,14496.1849104,189.656736253,598238.617818,39435.0,0.190289363347,499.164542527
145,Pontifícia Universidade Católica do Paraná,5080.16666667,0.0,0.0,0.0,0.0,0.0,0.0,7827.0,0.0,0.0
146,Universidade Estadual de Campinas,26724.2041667,141.687770719,685858.7372,0.335483806395,8965.5377367,47.5339526405,230094.499805,40599.0,0.103384591556,199.987363339
147,Universidade Federal do Ceará,6359.33333333,45.9891975309,157650.969136,0.111427880893,708.607037227,5.12447882485,17566.7134116,10013.0,0.0185185185185,63.4814814815
148,Universidade Federal do Rio Grande do Sul,26383.2083333,199.702380952,808594.940476,0.129174483565,3408.03731123,25.7964519261,104449.833849,36173.0,0.0714285714286,289.214285714
149,Universidade Federal do Paraná,6605.16666667,0.0,0.0,0.0,0.0,0.0,0.0,11076.0,0.0,0.0
150,Universidade Federal Fluminense,8658.93333333,10.0972222222,9370.22222222,0.105945762511,917.377294528,1.06975790757,992.735338227,11429.0,0.0166666666667,15.4666666667
151,Imperial College London,67351.6446581,622.799780511,3738271.63699,0.465535022561,31354.5494154,289.935109871,1740296.37086,84107.0,0.123446422287,639.992449787
152,University of Oxford,101306.083333,721.023698502,6876841.64394,0.493225392146,49966.7326789,355.62719644,3391832.91656,129662.0,0.140183245576,1088.47195429
153,University of Cambridge,40320.7333333,387.790716041,2052159.83943,0.364262015426,14687.3115874,141.257427788,747523.879088,50364.0,0.104949104949,537.206388206
154,ETH Zurich,102119.409913,2118.40825853,29627303.7381,0.754917454107,77091.7249462,1599.22336929,22366168.71,125608.0,0.300154726491,2693.74609673
155,École Polytechnique ParisTech,8981.78333333,12.3153153153,6810.36936937,0.10589918286,951.163515622,1.30418182855,721.212551188,10335.0,0.027027027027,14.9459459459
156,University of Texas at Arlington,93164.5690476,1797.89979466,58589550.2486,0.858023581893,79937.3972397,1542.6404217,50271215.7658,133724.0,0.119143861248,2851.34503502
157,Ecole Normale Superieure,22205.95,0.0,0.0,0.0,0.0,0.0,0.0,29227.0,0.0,0.0
158,IIIT Bangalore,8179.83333333,54.8229166667,144568.03125,0.110733790197,905.783948176,6.07074935213,16008.5660416,9203.0,0.0208333333333,54.9375
159,Nanyang Technological University,203510.5,10917.7903715,556541179.009,1.09102521939,222035.087911,11911.5846353,607200461.929,262731.0,0.380357474799,13976.504822
160,University of Waterloo,259745.960623,88564.5815673,6975577909.45,1.77538845551,461149.979854,157236.535682,12384360490.9,324314.0,1.65388078185,107969.629869
161,Western University,22177.7333333,23.9422799423,23221.6713564,0.211705598574,4695.15031035,5.06871470641,4916.1578344,26658.0,0.034632034632,28.6471861472
162,University of Nebraska,22163.4424242,114.934046346,1063073.43093,0.228127919356,5056.100006,26.219664856,242516.72992,31575.0,0.0251336898396,190.784491979
163,Victoria University of Wellington,18146.25,0.0,0.0,0.0,0.0,0.0,0.0,22848.0,0.0,0.0
164,University of Queensland,76615.7,1257.81133525,22144401.1947,0.662245381483,50738.3934741,832.979747545,14665027.4169,114356.0,0.149362987597,2174.66023933
165,Indiana University-Purdue University Indianapolis,,,,0.0,,,,,,
166,Chulalongkorn University,2966.5,0.0,0.0,0.0,0.0,0.0,0.0,3661.0,0.0,0.0
167,University of Pittsburgh,45980.8722222,392.754601216,4229620.64395,0.350147611832,16100.0925986,137.522085652,1480991.56743,62665.0,0.0445902081075,420.69780237
168,University of Michigan,156539.636086,3161.23186345,70110138.3498,0.761407278347,119190.418266,2406.98494938,53382369.6255,209664.0,0.221470004229,4248.82277801
169,IIT Madras,31457.85,1234.25158944,8253029.47268,0.603611011619,18988.3046619,745.007850497,4981619.46892,35864.0,0.235653009476,1365.19277438
170,City University of New York,,,,0.0,,,,,,
171,University of British Columbia,65167.1203081,277.327128074,3622221.52349,0.456523727418,29750.3366682,126.606414222,1653630.07144,85390.0,0.0422998082527,371.116521675
172,Queen’s University,31017.8595238,66.5041373033,310353.151092,0.2162695211,6708.21762475,14.3828179257,67119.9273585,34172.0,0.0153276955603,71.3298097252
173,Virginia Commonwealth University,7783.5,0.0,0.0,0.0,0.0,0.0,0.0,11489.0,0.0,0.0
174,Polytechnic University of Catalonia,16834.9833333,0.0,0.0,0.0,0.0,0.0,0.0,23612.0,0.0,0.0
175,Emory University,78959.4666667,26044.1840507,1768852669.72,0.381955960924,30159.0389647,9947.73134555,675623821.195,87860.0,0.430127360562,27872.5027668
176,Ecole Normale Superieure de Cachan,13760.8055764,26.4517714122,295148.865418,0.108845289919,1497.79887249,2.87915072825,32125.5638258,18694.0,0.0036231884058,40.4275362319
177,Georgetown University,104139.266667,21859.6147737,1269515543.27,0.884155134584,92075.2673351,19327.2906422,1122448686.02,169283.0,0.818441417173,36493.9932868
178,Binghamton University,34897.8833333,938.757264403,15986073.3056,0.285506795451,9963.58283852,268.021578266,4564132.56134,55418.0,0.102314514385,1505.54055808
179,University of Otago,29411.7,10463.4703446,293197395.435,0.436506143392,12838.3877376,4567.36908661,127982464.334,33233.0,0.504765395894,11367.9578446
180,VU Amsterdam,228677.166667,60981.7660609,11500902370.1,0.965418081088,220769.071432,58872.8995719,11103179096.9,255318.0,0.428176495722,64422.9379405
181,McMaster University,8696.95,0.0,0.0,0.0,0.0,0.0,0.0,10608.0,0.0,0.0
182,Monash University,70878.85,9633.38478015,185782544.09,0.55635384821,39433.7209542,5359.57069372,103360833.335,87808.0,0.54896593674,9878.93481057
183,Tel Aviv University,41371.1404762,35.0574712644,113200.574713,0.11076765757,4582.58432154,3.88323397227,12538.9624965,59966.0,0.0172413793103,55.6724137931
184,Boise State University,7751.93333333,98.7794117647,662315.955882,0.123893286629,960.412498396,12.2381059748,82056.5005611,12164.0,0.0294117647059,197.205882353
185,Drexel University,18270.5201715,0.0,0.0,0.0,0.0,0.0,0.0,22303.0,0.0,0.0
186,Boston College,7894.25,41.3604651163,76227.3372093,0.108992708454,860.415688713,4.50798911594,8308.22394068,9374.0,0.0232558139535,42.8604651163
187,University of Bristol,17784.0666667,98.2325581395,135757.395349,0.118268633956,2103.29727086,11.6178304612,16055.8416974,19973.0,0.093023255814,128.558139535
188,University of Kent,8101.34871795,0.0,0.0,0.0,0.0,0.0,0.0,9965.0,0.0,0.0
189,Politecnico di Milano,76037.7888182,500.236465147,3245862.05428,1.0090707591,76727.5092829,504.773989615,3275304.48704,121433.0,0.155574167829,735.488087134
190,Australian National University,88228.125,941.246375453,3442706.34893,0.476015924979,41997.9925311,448.048264045,1638783.04712,109920.0,0.312457020605,990.336053143
191,Toyota Technological Institute at Chicago,9619.71666667,0.0,0.0,0.0,0.0,0.0,0.0,16592.0,0.0,0.0
192,Technion-Israel Institute of Technology,86761.2285714,567.467034485,3841756.38324,0.804261088796,69778.6801562,456.39165501,3089775.17167,108598.0,0.178351453627,714.179115782
193,TU Delft,117219.825,16303.5504156,501192797.945,1.16291321268,136316.483281,18959.6141919,582843726.83,156919.0,0.733927453198,19080.8244715
194,University of Minnesota,119355.389286,1001.77470696,12186069.6025,0.94252334594,112495.240865,944.196048679,11485655.0956,155509.0,0.145913622469,1402.83700523
195,New Mexico State University,11740.5833333,0.0,0.0,0.0,0.0,0.0,0.0,19478.0,0.0,0.0
196,Pennsylvania State University,157001.731602,4838.17150309,339474322.321,0.564518011518,88630.3053286,2731.23495631,191639369.398,186579.0,0.120143903617,5491.32596568
197,TU Dresden,36885.75,0.0,0.0,0.0,0.0,0.0,0.0,40482.0,0.0,0.0
198,University of Salerno,25066.0166667,0.0,0.0,0.0,0.0,0.0,0.0,45178.0,0.0,0.0
199,Washington University in St. Louis,24552.1833333,0.0,0.0,0.0,0.0,0.0,0.0,32599.0,0.0,0.0
200,McGill University,31108.0999084,68.9930618401,131980.9819,0.220373520164,6855.40148243,15.2042439046,29085.1135761,42219.0,0.0814479638009,105.660633484
201,Naval Postgraduate School,16427.6666667,137.28358209,633426.447761,0.118974797079,1954.47830815,16.3332863214,75361.7830871,18215.0,0.0298507462687,137.731343284
202,University of Edinburgh,115529.290079,1338.03507093,12611089.6795,0.839287878778,96962.3328075,1122.99661641,10584334.7062,143727.0,0.200265074131,1627.65690104
203,RWTH Aachen,61803.8166667,107.210507026,1599701.17808,0.221346824615,13680.0785683,23.7307052956,354088.776101,68440.0,0.0104311242193,115.815492713
204,University of Bath,10497.7666667,133.3,368174.6,0.119035156686,1249.60330002,15.8673863863,43825.7211989,12565.0,0.05,138.1
205,IIT Kharagpur,32613.9166667,734.826521806,6301757.93323,0.492930045274,16076.3794191,362.218070663,3106325.82334,44494.0,0.131285443408,922.985337577
206,University of Melbourne,228754.666667,52131.644035,3748442338.71,1.81859249515,416011.52003,94806.2166018,6816889105.67,309643.0,1.29208666014,67500.2194541
207,IMDEA Software Institute,1679.23205128,0.0,0.0,0.0,0.0,0.0,0.0,2344.0,0.0,0.0
208,University of Sydney,44337.8833333,837.583212636,6910141.56866,0.810611268524,35940.7878525,678.954390489,5601438.62266,61320.0,0.255490452143,1240.77794628
209,University of North Carolina,27058.0990196,47.7568758925,65227.1948842,0.21541059361,5828.60117177,10.287336985,14050.6287695,42533.0,0.0448873160738,61.0894021233
210,IIIT Delhi,8256.875,0.0,0.0,0.0,0.0,0.0,0.0,12592.0,0.0,0.0
211,University of Nevada,4652.76666667,0.0,0.0,0.0,0.0,0.0,0.0,6533.0,0.0,0.0
212,Concordia University,33858.4,651.828399123,4984141.69956,0.270799168142,9168.82655463,176.514588254,1349701.42614,43615.0,0.129385964912,985.692982456
213,IISc Bangalore,28354.45,485.221862348,3430272.59676,0.263568145738,7473.32980992,127.889026531,904110.587704,36541.0,0.0987854251012,693.689068826
214,Rochester Institute of Technology,20870.3928571,221.947368421,961697.947368,0.12581200275,2625.74592354,27.9236429262,120993.144799,24953.0,0.0526315789474,228.052631579
215,DIKU,30811.8166667,9353.20189702,156617989.06,0.412084312157,12697.0662774,3854.3077702,64539816.2931,37354.0,0.65108401084,9365.84756098
216,Chulalongkorn Uniersity,52.0,0.0,0.0,0.0,0.0,0.0,0.0,63.0,0.0,0.0
217,Worcester Polytechnic Institute,64158.0388889,227.004273504,1635521.23932,0.24376008311,15639.1688917,55.3345805757,398674.793223,83650.0,0.0735042735043,459.271794872
218,IST Austria,7789.73935574,0.0,0.0,0.0,0.0,0.0,0.0,10261.0,0.0,0.0
219,University College London,158569.383333,26770.1816465,1197613136.89,1.08873885497,172640.648844,29145.7369132,1303887955.36,191690.0,0.915553531642,36283.8916093
220,Columbia University,139251.141667,2062.08203174,39215524.7988,0.775431786213,107979.761515,1599.00395319,30408964.442,184980.0,0.17818208272,2881.46471949
221,Massey University,5575.02447552,0.0,0.0,0.0,0.0,0.0,0.0,8389.0,0.0,0.0
222,University of Miami,14723.9166667,436.04248366,8915324.62092,0.143798068873,2117.27078292,62.7020670971,1282006.46387,24402.0,0.0392156862745,801.803921569
223,IIT Roorkee,3468.91666667,0.0,0.0,0.0,0.0,0.0,0.0,4129.0,0.0,0.0
224,University of Tartu,10586.25,0.0,0.0,0.0,0.0,0.0,0.0,14011.0,0.0,0.0
225,University of Victoria,20069.8153846,95.3325989033,460269.399873,0.224362670503,4502.91737619,21.3890764759,103267.271706,27095.0,0.0352526439483,138.306110458
226,Carleton University,29436.85,26.7210884354,215585.741497,0.107017158901,3150.24805401,2.85961496711,23071.3735546,35329.0,0.00340136054422,27.4421768707
227,Athens University of Economics and Business,52703.4333333,2031.90633533,17643070.4328,0.757488298611,39922.2340466,1539.14527289,13364419.4044,64346.0,0.354537129537,2110.61571762
228,Texas A&M University,100894.106203,3606.30616964,94388491.4835,0.679496014027,68557.1430037,2450.47066763,64136603.7331,122019.0,0.228344662178,4500.2359276
229,EPFL,91817.6826331,577.256675875,18777582.4095,0.139471472826,12805.9474283,80.5108387826,2618937.07476,105697.0,0.0193370165746,629.013812155
230,Bar-Ilan University,86706.7083333,7309.09477622,151744172.969,1.2965410671,112418.808147,9476.54154069,196742551.947,108511.0,0.70737766195,7897.37845145
231,University of Maryland-College Park,120412.956297,621.191332235,9794476.29165,0.697562036383,83995.5070015,433.319490697,6832254.82731,159551.0,0.0665528845011,742.687395927
232,IIT Kanpur,15213.7166667,21.9444444444,17380.0,0.106518764251,1620.54629899,2.33749510439,1851.29612268,18889.0,0.0277777777778,22.0
233,University of Adelaide,35302.4166667,221.026173223,2898048.69488,0.235218508718,8303.78180246,51.9894468531,681674.6922,46364.0,0.0290890269151,264.22515528
234,University of Warsaw,18237.1666667,163.1542061,343577.973477,0.454961291339,8297.20489704,74.2288482947,156314.678489,26164.0,0.245794495794,342.575939576
235,Stony Brook University,64492.6333333,2450.75176311,21733396.6438,0.511488595837,32987.2464655,1253.53157806,11116384.5321,83845.0,0.374923583846,3277.57419201
236,University of Notre Dame,43153.4833333,525.300529101,5850253.51376,0.37884962157,16348.6808303,199.00990666,2216366.32977,54774.0,0.0955266955267,812.152092352
237,University of Western Australia,9544.25,0.0,0.0,0.0,0.0,0.0,0.0,10385.0,0.0,0.0
238,IIT Hyderabad,3121.61666667,0.0,0.0,0.0,0.0,0.0,0.0,4979.0,0.0,0.0
239,IIT Bombay,60550.5659664,1877.21626387,27839263.2635,0.63126169509,38223.2529106,1185.01472078,17573860.5178,78818.0,0.181506232236,2317.00612016
240,IIIT Hyderabad,58484.75,3700.94495413,107208973.431,0.178103593554,10416.3441431,659.151595876,19094303.4293,64343.0,0.128440366972,3720.66055046
241,University of Maryland-Baltimore County,52205.1108003,104.328459044,1403939.89398,0.228134583186,11909.7911926,23.8009295184,320287.242531,74739.0,0.0127846889952,172.865416268
242,University of New South Wales,,,,0.0,,,,,,
243,University of Alberta,130961.040385,1179.16992188,12133391.5559,0.747411594856,97881.8000578,881.325271917,9068637.53378,171618.0,0.160528937174,1523.724039
244,Aarhus University,23416.15,0.0,0.0,0.0,0.0,0.0,0.0,28326.0,0.0,0.0
245,University of Zurich,20295.902381,0.0,0.0,0.0,0.0,0.0,0.0,24379.0,0.0,0.0
246,Max Planck Institute,111381.1894,4997.02217289,403264608.403,0.662837032122,73827.5770161,3312.21134653,267298716.194,136861.0,0.216999858992,6110.64621299
247,TU Darmstadt,42308.05,222.220338983,3050196.37288,0.12590471183,5326.78284334,27.9785877424,384034.095352,49227.0,0.0169491525424,232.644067797
248,University of Athens,52295.5477333,501.708320475,5760118.00579,0.46596191517,24367.7335767,233.776969866,2683995.61759,66497.0,0.0946229005082,612.80662796
249,Stevens Institute of Technology,9480.65416667,0.0,0.0,0.0,0.0,0.0,0.0,11610.0,0.0,0.0
250,University of Calgary,33065.7916667,0.0,0.0,0.0,0.0,0.0,0.0,42294.0,0.0,0.0
251,University of Massachusetts Lowell,15560.2666667,0.0,0.0,0.0,0.0,0.0,0.0,20236.0,0.0,0.0
252,Rutgers University,62538.529902,585.613274402,4823497.61824,0.473994802621,29642.9381371,277.577648413,2286312.8015,84235.0,0.153649431751,861.232165237
253,Ecole Normale Superieure de Lyon,15752.6333333,0.0,0.0,0.0,0.0,0.0,0.0,19156.0,0.0,0.0
254,Colorado State University,11278.9833333,0.0,0.0,0.0,0.0,0.0,0.0,17937.0,0.0,0.0
255,IIT Delhi,22545.1833333,707.000230215,5929014.13533,0.490601373611,11060.6979116,346.855284086,2908782.47895,35215.0,0.201867872456,1235.65525709
256,BITS Pilani,4086.0,0.0,0.0,0.0,0.0,0.0,0.0,4364.0,0.0,0.0
257,University of Auckland,24024.1666667,59.822965151,250782.895035,0.221785580204,5328.21374308,13.2678710355,55620.0298806,33036.0,0.0291800930899,116.211958468
258,National University of Singapore,324187.165966,14586.385845,829476946.334,1.91685367246,621419.359646,27959.9672749,1589985930.8,437489.0,0.603595055138,18641.4928326
259,University of Canterbury,9791.16666667,0.0,0.0,0.0,0.0,0.0,0.0,11958.0,0.0,0.0
260,Chennai Mathematical Institute,,,,0.0,,,,,,
261,University of Montreal,108423.958333,21970.7791664,1833921960.38,0.581425533187,63040.4577842,12774.3719913,1066289053.63,124983.0,0.354068322711,23902.5884038
262,George Mason University,52897.5166667,203.591983696,831800.452989,0.235357744716,12449.8402237,47.9169501248,195770.678669,67154.0,0.0592391304348,233.672826087
263,University of Luxembourg,15365.6666667,0.0,0.0,0.0,0.0,0.0,0.0,16029.0,0.0,0.0
264,Hebrew University of Jerusalem,68983.3805556,699.598625347,5838751.63061,0.824630333586,56885.7881194,576.910247796,4814811.70487,94219.0,0.128112272332,974.866586415
265,Simon Fraser University,120201.792424,2179.74895002,58673632.2832,0.882314057397,106055.73118,1923.2231402,51768570.562,148277.0,0.205554865743,2776.95099204
266,Indiana University,51103.0944444,183.152786991,704889.904589,0.446761043592,22830.8718048,81.8255302531,314917.349392,66652.0,0.0995589273112,261.832445307
267,University of Toronto,107236.641142,441.483148157,5857108.01222,0.784860083396,84165.7591099,346.50250048,4597010.28293,140415.0,0.144972244672,601.381032398
268,University at Buffalo,83854.9237179,2547.78176918,47614917.2248,0.711646442404,59675.0581419,1813.11983206,33884986.4484,105070.0,0.179922492429,2952.1013859
269,TU Munich,56394.5833333,284.626194939,3633053.47156,0.238746883419,13464.0310125,67.9536169811,867380.193629,66787.0,0.0375820056232,381.82108716
270,University of Waikato,40961.9166667,273.427446826,4210022.74911,0.247223375274,10126.743296,67.597656297,1040816.03402,61674.0,0.032319707544,399.046776338
